{"alt": 1.0666666666666667, "ast": 0.9333333333333333, "triglycerides": 1.3, "bmi": 1.6406250000000004, "insulin": 0.875, "glucose": 1.0714285714285714}